id,name,address,phone,description,lat,lng,locales
d001,PANORA.GR,ΑΒΕΡΩΦ 7 ΧΡΥΣΟΥΠΟΛΗ,2591022401,Η ΕΤΑΙΡΙΑ PANORA.GR ΔΡΑΣΤΗΡΙΟΠΟΙΕΙΤΑΙ ΣΤΗΝ ΠΩΛΗΣΗ ΚΑΤΑΝΑΛΩΤΙΚΩΝ ΕΙΔΩΝ ΜΕΣΩ ΔΙΑΔΙΚΤΥΟΥ.,,,el|en
d002,SMOKERS.GR,ΧΡΥΣΟΣΤΟΜΟΥ ΣΜΥΡΝΗΣ 45-49 ΠΑΤΗΣΙΑ,2118000816,Η ΕΤΑΙΡΕΙΑ SMOKERS.GR ΔΡΑΣΤΗΡΙΟΠΟΙΕΙΤΑΙ ΣΤΟ ΧΩΡΟ ΤΩΝ ΚΑΠΝΙΚΩΝ ΠΡΟΙΟΝΤΩΝ ΚΑΙ ΤΟΥ ΗΛΕΚΤΡΟΝΙΚΟΥ ΤΣΙΓΑΡΟΥ ΑΠΟ ΤΟ 2008.,,,el|en
d003,MONTECRISTO-SHOP.GR,"ΑΡΜΕΝ 24,  ΔΡΑΜΑ 66132",2521028170,Η ΕΤΑΙΡΙΑ MONTECRISTO-SHOP.GR ΔΡΑΣΤΗΡΙΟΠΟΙΕΙΤΑΙ ΣΤΗΝ ΧΟΝΔΡΙΚΗ ΣΕ ΧΑΡΤΑΚΙΑ,,,el|en
d004,ΑΜΦΙΘΕΑΣ ΚΙΟΣΚ,ΛΕΩΦ.ΑΜΦΙΘΕΑΣ 187,2109819735,,,,el|en
d005,ΔΑΡΖΕΝΤΑΣ ΣΠΥΡΟΣ,ΣΑΝΤΟΡΙΝΗ 847 00,2286032731,,,,el|en
d006,ΆΡΩΜΑ ΚΑΠΝΟΥ,"ΛΕΩΦΟΡΟΣ ΑΚΡΩΤΗΡΙΟΥ 46,  26332 ΠΑΤΡΑ ΑΧΑΪΑΣ",2610343424,ΔΙΟΝΥΣΑΤΟΥ ΕΡΜΙΟΝΗ,,,el|en
d007,ΚΑΠΝΟΚΑΤΑΣΤΑΣΗ,"ΑΓΙΟΥ ΜΕΛΕΤΙΟΥ 200 ΑΘΗΝΑ ΣΕΠΟΛΙΑ 10443, ΠΛΗΣΙΟΝ ΙΕΡΟΥ ΝΑΟΥ ΑΓΙΟΥ ΜΕΛΕΤΙΟΥ",2111837299,ΚΥΡΙΑΚΟΥ ΚΩΝΣΤΑΝΤΙΝΑ,,,el|en
d008,EXPRESS MARKET,"ΠΑΠΑΝΑΣΤΑΣΙΟΥ ΑΛΕΞΑΝΔΡΟΥ 26,  ΑΙΓΑΛΕΩ ΑΤΤΙΚΗΣ 12241",2105619092,ΟΥΖΟΥΝΙΔΟΥ ΦΛΩΡΑ,,,el|en
d009,BEKACCO,"ΤΣΑΜΑΔΟΥ ΑΝΑΣΤΑΣΙΟΥ 18-20, 18531 ΠΕΙΡΑΙΑΣ ΑΤΤΙΚΗΣ",2104100090,ΕΙΔΗ ΚΑΠΝΙΣΤΟΥ,,,el|en
d010,E-SMOKE,"ΕΜΜΑΝΟΥΗΛ ΠΑΠΠΑ 30, ΒΕΡΟΙΑ 591 32",2331029106,ΚΑΠΝΑ - ΠΟΥΡΑ - ΤΣΙΓΑΡΑ,,,el|en
d011,ΆΡΩΜΑ ΚΑΠΝΟΥ,"ΑΓΙΟΥ ΑΝΔΡΕΟΥ 100,  ΠΑΤΡΑ 262 21",2614006528,ΕΙΔΗ ΔΩΡΩΝ - ΔΙΟΝΥΣΑΤΟΥ ΕΡΜΙΟΝΗ,,,el|en
d012,DOUBLESHOP HRWWN POLUTEXNEIOU,"ΗΡΩΩΝ ΠΟΛΥΤΕΧΝΕΙΟΥ, ΜΑΥΡΟΒΟΥΝΙΟΥ 148, ΛΑΡΙΣΑ 412 23",2410552700,"ΤΟ “DOUBLE SHOP” ΑΠΟΤΕΛΕΙ ΜΙΑ ΚΑΙΝΟΤΟΜΙΑ ΣΤΗΝ ΑΓΟΡΑ ΤΩΝ ΣΥΓΧΡΟΝΩΝ ΚΑΤΑΣΤΗΜΑΤΩΝ ΚΑΦΕ, ΠΟΙΟΤΙΚΟΥ SNACKING ΚΑΙ ΜΙΚΡΗΣ ΛΙΑΝΙΚΗΣ ΜΕ ΕΔΡΑ ΤΗΝ ΠΟΛΗ ΤΗΣ ΛΑΡΙΣΑΣ!",,,el|en
d013,"ΆΡΩΜΑ ΚΑΠΝΟΥ, ΕΙΔΗ ΚΑΠΝΙΣΤΟΥ","ΈΛΛΗΝΟΣ ΣΤΡΑΤΙΩΤΟΥ 98-104, ΠΑΤΡΑ 264 41",2614014059,ΔΙΟΝΥΣΑΤΟΥ ΕΡΜΙΟΝΗ,,,el|en
d014,KAPNOMANIA,"ΠΕΤΡΟΥ ΡΑΛΛΗ 525, ΝΙΚΑΙΑ 184 50",2104250329,"Η ΕΤΑΙΡΙΑ KAPNOMANIA.GR ΔΙΑΘΕΤΕΙ ΠΡΟΪΟΝΤΑ ΗΛΕΚΤΡΟΝΙΚΟΥ ΚΑΠΝΙΣΜΑΤΟΣ Η ΑΤΜΙΣΜΑΤΟΣ ΟΠΩΣ ΕΙΝΑΙ Ο ΔΟΚΙΜΟΣ ΟΡΟΣ ΚΑΘΩΣ ΕΠΙΣΗΣ ΚΑΙ ΠΛΟΥΣΙΑ ΣΥΛΛΟΓΗ ΑΠΟ ΠΡΟΣΕΓΜΕΝΑ ΑΞΕΣΟΥΑΡ ΟΠΩΣ ΘΗΚΕΣ ΚΑΠΝΟΥ, ΑΝΑΠΤΗΡΕΣ, ΤΑΜΠΑΚΙΕΡΕΣ, ΤΑΣΑΚΙΑ ΚΑΙ ΠΟΛΛΑ ΑΚΟΜΗ ΕΙΔΗ.",,,el|en
d015,SMOKE CARTEL,"ΠΛΑΤΕΙΑ ΒΑΣΩΣ ΚΑΤΡΑΚΗ 4, ΓΛΥΦΑΔΑ 166 75",2111130329,ΠΡΟΪΟΝΤΑ ΚΑΠΝΟΥ,,,el|en
d016,ΠΕΡΙ ΣΤΡΙΦΤΟΥ,"ΝΙΚΗΦΟΡΙΔΗ ΝΙΚΗΦΟΡΟΥ 8, 16231 ΒΥΡΩΝΑΣ ΑΤΤΙΚΗΣ",2107664042,ΕΙΔΗ ΚΑΠΝΙΣΤΟΥ,,,el|en
d017,ΣΟΦΙΚΙΤΗ ΌΛΓΑ ΚΟΥΝΤΟΥΡΑΚΗΣ ΠΑΝΤΕΛΗΣ ΟΕ,"ΑΔΑΜΑΝΤΑΣ, ΜΗΛΟΣ, 84800, ΚΥΚΛΑΔΩΝ",2287023593,ΠΡΑΤΗΡΙΟ ΤΣΙΓΑΡΩΝ,,,el|en
d018,WILD THINK,"ΙΔΟΜΕΝΕΩΣ 38, ΗΡΑΚΛΕΙΟ 712 02",2810241463,ΚΑΤΑΣΤΗΜΑ ΑΝΔΡΙΚΩΝ ΕΝΔΥΜΑΤΩΝ,,,el|en
d019,ΜΠΟΥΣΕΚΑΣ ΚΩΝΣΤΑΝΤΙΝΟΣ Α.,"ΜΑΡΜΑΡΟ, ΚΑΡΔΑΜΥΛΑ, 82300, ΧΙΟΥ",2272022576,ΠΑΝΤΟΠΩΛΕΙΟ,,,el|en
d020,THE VAPE AVENUE,"ΠΛ. ΝΙΚΗΣ 5, ΚΟΖΑΝΗ 501 31",2461024402,ΕΙΔΗ ΚΑΠΝΙΣΤΟΥ,,,el|en
d021,ΠΑΠΑΖΟΓΛΟΥ ΙΩΑΝΝΗΣ Μ.,"ΖΙΠΑΡΙ, ΚΩΣ 85300, ΔΩΔΕΚΑΝΗΣΩΝ",2242069393,"MINI MARKET, ΠΑΝΤΟΠΩΛΕΙΟ",,,el|en
d022,ΚΡΑΣΣΑΣ ΑΝΤΩΝΙΟΣ Θ.,ΑΣΤΥΠΑΛΑΙΑ ΔΩΔΕΚΑΝΗΣΟΥ 85900,2243061384,ΨΙΛΙΚΑ ΕΙΔΗ,,,el|en
d023,ΑΦΟΙ ΚΑΡΟΥΣΟΥ Ο.Ε,"ΠΟΤΑΜΙΑΝΑΤΑ, ΑΓΙΑ ΕΥΦΗΜΙΑ, 28081, ΚΕΦΑΛΛΗΝΙΑΣ",2674061230,ΣΟΥΠΕΡ ΜΑΡΚΕΤ,,,el|en
d024,ΠΑΧΗΣ ΝΙΚΟΛΑΟΣ,"ΠΗΓΑΔΙΑ, 85700 ΚΑΡΠΑΘΟΣ",2245023122,ΜΙΝΙ ΜΑΡΚΕΤ,,,el|en
d025,ΓΕΩΡΓΑΚΟΠΟΥΛΟΣ ΚΩΝΣΤΑΝΤΙΝΟΣ Σ.,"ΗΡΟΔΟΤΟΥ 1, ΚΑΛΑΜΑΤΑ 24100",2721082509,ΕΜΠΟΡΙΟ ΖΑΧΑΡΩΔΩΝ ΠΡΟΪΟΝΤΩΝ,,,el|en
d026,"FROUTOMANIA, ΛΕΒΕΝΤΟΓΙΑΝΝΗΣ ΧΡΟΝΗΣ","ΠΑΤΡΙΑΡΧΟΥ ΚΩΝΣΤΑΝΤΙΝΟΥΠΟΛΕΩΣ ΚΥΡΙΛΛΟΥ 5 & ΑΓΙΟΥ ΑΔΡΙΑΝΟΥ, ΝΑΥΠΛΙΟ, 21100, ΑΡΓΟΛΙΔΑΣ",2752099380,ΜΙΝΙ ΜΑΡΚΕΤ,,,el|en
d027,JUST THE SMOKY,"25ΗΣ ΜΑΡΤΙΟΥ 131, ΠΕΤΡΟΥΠΟΛΗ 132 31",2105050558,"ΕΙΔΗ ΚΑΠΝΙΣΤΟΥ, ΗΛΕΚΤΡΟΝΙΚΑ ΤΣΙΓΑΡΑ, ΕΙΔΗ ΔΩΡΩΝ",,,el|en
d028,BAGSBUG.GR,"ΗΦΑΙΣΤΟΥ 11 &, ΝΙΣΟΥ 2, ΑΘΗΝΑ 105 55",2103214957,ΕΙΔΗ ΤΑΞΙΔΙΟΥ ΚΑΙ ΠΑΡΑΔΟΣΙΑΚΑ ΠΡΟΪΟΝΤΑ,,,el|en
d029,BAZAR ORIENTAL,"ΗΦΑΙΣΤΟΥ 12, ΑΘΗΝΑ 105 55",2102444132,ΕΙΔΗ ΚΑΠΝΙΣΤΟΥ,,,el|en
d030,JUMBO,"3Ο ΧΛΜ ΑΛΕΞ/ΠΟΛΗΣ- ΣΥΝΟΡΩΝ,  ΑΛΕΞΑΝΔΡΟΥΠΟΛΗ 68100",2165004000,ΤΑ JUMBO ΣΥΝΙΣΤΟΥΝ ΠΛΕΟΝ ΤΑ ΜΕΓΑΛΥΤΕΡΑ ΚΑΤΑΣΤΗΜΑΤΑ ΠΑΙΧΝΙΔΙΩΝ ΣΤΗ ΧΩΡΑ ΜΑΣ. (ΣΕ ΟΛΑ ΤΑ ΚΑΤΑΣΤΗΜΑΤΑ JUMBO ΘΑ ΒΡΕΙΤΕ ΤΑ ΚΛΑΣΙΚΑ ΧΑΡΤΑΚΙΑ & ΦΙΛΤΡΑΚΙΑ ΣΤΡΙΦΤΟΥ ΠΥΘΙΑ),,,el|en
d031,JUMBO,ΑΓ. ΠΑΡΑΣΚΕΥΗ ΧΑΛΑΝΔΡΙΟΥ 15-17 | 153 43,2165004000,ΤΑ JUMBO ΣΥΝΙΣΤΟΥΝ ΠΛΕΟΝ ΤΑ ΜΕΓΑΛΥΤΕΡΑ ΚΑΤΑΣΤΗΜΑΤΑ ΠΑΙΧΝΙΔΙΩΝ ΣΤΗ ΧΩΡΑ ΜΑΣ. (ΣΕ ΟΛΑ ΤΑ ΚΑΤΑΣΤΗΜΑΤΑ JUMBO ΘΑ ΒΡΕΙΤΕ ΤΑ ΚΛΑΣΙΚΑ ΧΑΡΤΑΚΙΑ & ΦΙΛΤΡΑΚΙΑ ΣΤΡΙΦΤΟΥ ΠΥΘΙΑ),,,el|en
d032,JUMBO,ΆΓΙΟΣ ΕΛΕΥΘΕΡΙΟΣ ΑΧΑΡΝΩΝ 373-375 | 11143,2165004000,ΤΑ JUMBO ΣΥΝΙΣΤΟΥΝ ΠΛΕΟΝ ΤΑ ΜΕΓΑΛΥΤΕΡΑ ΚΑΤΑΣΤΗΜΑΤΑ ΠΑΙΧΝΙΔΙΩΝ ΣΤΗ ΧΩΡΑ ΜΑΣ. (ΣΕ ΟΛΑ ΤΑ ΚΑΤΑΣΤΗΜΑΤΑ JUMBO ΘΑ ΒΡΕΙΤΕ ΤΑ ΚΛΑΣΙΚΑ ΧΑΡΤΑΚΙΑ & ΦΙΛΤΡΑΚΙΑ ΣΤΡΙΦΤΟΥ ΠΥΘΙΑ),,,el|en
d033,JUMBO,"ΑΓΡΙΝΙΟ, ΠΑΠΑΦΛΕΣΣΑ & ΤΕΡΤΣΕΤΗ 30100",2165004000,ΤΑ JUMBO ΣΥΝΙΣΤΟΥΝ ΠΛΕΟΝ ΤΑ ΜΕΓΑΛΥΤΕΡΑ ΚΑΤΑΣΤΗΜΑΤΑ ΠΑΙΧΝΙΔΙΩΝ ΣΤΗ ΧΩΡΑ ΜΑΣ. (ΣΕ ΟΛΑ ΤΑ ΚΑΤΑΣΤΗΜΑΤΑ JUMBO ΘΑ ΒΡΕΙΤΕ ΤΑ ΚΛΑΣΙΚΑ ΧΑΡΤΑΚΙΑ & ΦΙΛΤΡΑΚΙΑ ΣΤΡΙΦΤΟΥ ΠΥΘΙΑ),,,el|en
d034,"IQ STORES, ἉΓ. ΔΗΜΗΤΡΙΟΥ 23","ἉΓ. ΔΗΜΗΤΡΙΟΥ 23, ΘΕΣΣΑΛΟΝΙΚΗ 546 32",2310555936,ΚΑΤΑΣΤΗΜΑ ΨΙΛΙΚΩΝ,,,el|en
d035,"IQ STORES, Π. ΤΣΑΛΔΑΡΗ 30","Π. ΤΣΑΛΔΑΡΗ 30, ΝΕΑΠΟΛΗ 567 28",2310618167,ΠΑΝΤΟΠΩΛΕΙΟ,,,el|en
d036,"IQ STORES, ΚΑΣΣΑΝΔΡΟΥ 153","ΚΑΣΣΑΝΔΡΟΥ 153, ΘΕΣΣΑΛΟΝΙΚΗ 546 34",2310208047,ΚΑΦΕΣ ΣΤΑ ΟΡΘΙΑ,,,el|en
d037,"IQ STORES, ΛΕΩΦ. ΣΤΡΑΤΟΥ 87","ΛΕΩΦ. ΣΤΡΑΤΟΥ 87, ΠΟΛΙΧΝΗ ΘΕΣΣΑΛΟΝΙΚΗΣ 565 33",2317009701,ΠΑΝΤΟΠΩΛΕΙΟ,,,el|en
d038,"IQ STORES, ΕΛ. ΒΕΝΙΖΕΛΟΥ 75","ΕΛ. ΒΕΝΙΖΕΛΟΥ 75, ΖΩΟΔΟΧΟΥ ΠΗΓΗΣ 19, ΑΜΠΕΛΟΚΗΠΟΙ 561 21",2310748875,ΚΑΦΕΤΕΡΙΑ,,,el|en
d039,"IQ STORES, ΑΓΝΩΣΤΟΥ ΣΤΡΑΤΙΩΤΟΥ 74","ΑΓΝΩΣΤΟΥ ΣΤΡΑΤΙΩΤΟΥ 74, ΠΟΛΙΧΝΗ ΘΕΣΣΑΛΟΝΙΚΗΣ 565 33",,ΚΑΤΑΣΤΗΜΑ ΨΙΛΙΚΩΝ,,,el|en
d040,"IQ STORES, ΕΛ. ΒΕΝΙΖΕΛΟΥ 23","ΕΛ. ΒΕΝΙΖΕΛΟΥ 23, ΝΕΑΠΟΛΗ 567 27",,ΠΕΡΙΠΤΕΡΟ,,,el|en
d041,"BARISTART, ΚΑΡΑΟΛΗ ΚΑΙ ΔΗΜΗΤΡΙΟΥ 183","ΚΑΡΑΟΛΗ ΚΑΙ ΔΗΜΗΤΡΙΟΥ 183, ΕΥΟΣΜΟΣ 562 24",2311829412,ΚΑΦΕΤΕΡΙΑ,,,el|en
d042,"BARISTART, ΙΟΥΛΙΑΝΟΥ 33","ΙΟΥΛΙΑΝΟΥ 33, ΘΕΣΣΑΛΟΝΙΚΗ 546 34",2314073130,ΚΑΦΕΤΕΡΙΑ,,,el|en
d043,"BARISTART, ΑΡΙΣΤΟΤΕΛΟΥΣ 21-23","ΑΡΙΣΤΟΤΕΛΟΥΣ 21-23, ΘΕΣΣΑΛΟΝΙΚΗ 546 24",,ΚΑΦΕΤΕΡΙΑ,,,el|en
d044,"BARISTART, ΛΕΩΦ. 28ΗΣ ὈΚΤΩΒΡΙΟΥ 138","ΛΕΩΦ. 28ΗΣ ὈΚΤΩΒΡΙΟΥ 138, ΑΜΠΕΛΟΚΗΠΟΙ 561 23",2310743978,ΚΑΦΕΤΕΡΙΑ,,,el|en
d045,"BARISTART, ΜΟΝΑΣΤΗΡΙΟΥ 28","ΜΟΝΑΣΤΗΡΙΟΥ 28, ΘΕΣΣΑΛΟΝΙΚΗ 546 27",,ΚΑΦΕΤΕΡΙΑ,,,el|en
d046,"BARISTART, ΒΟΥΛΓΑΡΗ 20","ΒΟΥΛΓΑΡΗ 20, ΘΕΣΣΑΛΟΝΙΚΗ 542 48",2310300888,ΚΑΦΕΤΕΡΙΑ,,,el|en
d047,"BARISTART, ΓΕΩΡΓΙΟΥ ΠΑΠΑΝΔΡΕΟΥ 1","ΓΕΩΡΓΙΟΥ ΠΑΠΑΝΔΡΕΟΥ 1, ΘΕΣΣΑΛΟΝΙΚΗ 546 55",2317005914,ΚΑΦΕΤΕΡΙΑ,,,el|en
d048,"BARISTART, ΚΑΣΣΑΝΔΡΟΥ 72","ΚΑΣΣΑΝΔΡΟΥ 72, ΘΕΣΣΑΛΟΝΙΚΗ 546 33",2310278799,ΚΑΦΕΤΕΡΙΑ,,,el|en
d049,"BARISTART, ΟΔΥΣΣΕΩΣ ΚΑΙ ΑΠΟΣΤΟΛΟΥ ΦΩΚΑ 2","ΟΔΥΣΣΕΩΣ ΚΑΙ ΑΠΟΣΤΟΛΟΥ ΦΩΚΑ 2, ΣΥΚΙΕΣ 566 26",,ΚΑΦΕΤΕΡΙΑ,,,el|en
d050,"BARISTART, ΝΙΚ. ΠΑΡΑΣΚΕΥΑ 2","ΝΙΚ. ΠΑΡΑΣΚΕΥΑ 2, ΣΥΚΙΕΣ 566 25",,ΚΑΦΕΤΕΡΙΑ,,,el|en
d051,"BARISTART, ΑΓΙΟΥ ΝΕΣΤΟΡΟΣ ΚΑΙ, ἈΡΚΑΔΙΟΥΠΟΛΕΩΣ 2","ΑΓΙΟΥ ΝΕΣΤΟΡΟΣ ΚΑΙ, ἈΡΚΑΔΙΟΥΠΟΛΕΩΣ 2, ΘΕΣΣΑΛΟΝΙΚΗ 546 32",2311820685,ΚΑΦΕΤΕΡΙΑ,,,el|en
d052,"BARISTART, ΜΑΙΑΝΔΡΟΥ 94","ΜΑΙΑΝΔΡΟΥ 94, ΕΥΟΣΜΟΣ 562 24",2310760480,ΚΑΦΕΤΕΡΙΑ,,,el|en
d053,"BARISTART, 25ΗΣ ΜΑΡΤΙΟΥ 12","25ΗΣ ΜΑΡΤΙΟΥ 12, ΕΥΚΑΡΠΙΑ 564 29",,ΚΑΦΕΤΕΡΙΑ,,,el|en
d054,"BARISTART, ΛΕΩΦ. ΑΝΔΡΕΑ ΠΑΠΑΝΔΡΕΟΥ 60","ΛΕΩΦ. ΑΝΔΡΕΑ ΠΑΠΑΝΔΡΕΟΥ 60, ΝΕΑΠΟΛΗ 567 28",2310615556,ΚΑΦΕΤΕΡΙΑ,,,el|en
d055,"BARISTART, ΜΑΥΡΟΜΙΧΑΛΗ 77","ΜΑΥΡΟΜΙΧΑΛΗ 77, ΠΟΛΙΧΝΗ ΘΕΣΣΑΛΟΝΙΚΗΣ 565 33",2310642738,ΚΑΦΕΤΕΡΙΑ,,,el|en
d056,"BARISTART, ΕΠΤΑΠΥΡΓΙΟΥ 65","ΕΠΤΑΠΥΡΓΙΟΥ 65, ΘΕΣΣΑΛΟΝΙΚΗ 566 25",2311242516,ΚΑΦΕΤΕΡΙΑ,,,el|en
d057,"BARISTART, ΛΕΩΦ. ΠΑΠΑΝΙΚΟΛΑΟΥ 51","ΛΕΩΦ. ΠΑΠΑΝΙΚΟΛΑΟΥ 51, ΘΕΣΣΑΛΟΝΙΚΗ 570 10",2313069939,ΚΑΦΕΤΕΡΙΑ,,,el|en
d058,"BARISTART, ΘΕΣΣΑΛΟΝΙΚΗΣ 29","ΘΕΣΣΑΛΟΝΙΚΗΣ 29, ΠΕΡΑΙΑ 570 19",2392020344,ΚΑΦΕΤΕΡΙΑ,,,el|en
d059,ΑΦΟΙ ΔΕΣΠΟΛΑΡΗ,"ΜΑΚΕΔΟΝΙΑΣ 7, ΚΑΛΑΜΑΡΙΑ 551 32",2310458471,ΨΙΛΙΚΑ,,,el|en
d060,DESPOLARI ANDREA,"25ΗΣ ΜΑΡΤΙΟΥ, ΘΕΣΣΑΛΟΝΙΚΗ",2310327344,ΨΙΛΙΚΑ,,,el|en
d061,THESS ALL IN,"ΔΙΟΓΕΝΟΥΣ 33, ΘΕΣΣΑΛΟΝΙΚΗ 544 53",2314070782,ΨΙΛΙΚΑ,,,el|en
d062,ΧΟΝΔΡΟΥΔΗ ΑΝΑΣΤΑΣΙΑ,"ΑΓΝΩΣΤΟΥ ΣΤΡΑΤΙΩΤΟΥ 108, ΠΟΛΙΧΝΗ ΘΕΣΣΑΛΟΝΙΚΗΣ 565 33",2316019400,ΨΙΛΙΚΑ,,,el|en
d063,ΚΑΖΑΖΗΣ,"ΜΕΤΑΞΑ ΙΩΑΝΝΗ 47, ΑΓ. ΑΘΑΝΑΣΙΟΣ 570 03",2310702015,ΨΙΛΙΚΑ,,,el|en
d064,ΜΠΑΡΙΩΤΗ,"ΧΑΡ. ΤΡΙΚΟΥΠΗ & Π. ΜΕΛΑ, ΑΓ. ΑΘΑΝΑΣΙΟΣ 570 03",6981177043,ΨΙΛΙΚΑ,,,el|en
d065,STREET KIOSK,"ΠΟΛΥΤΕΧΝΕΙΟΥ 5, ΝΕΑ ΜΗΧΑΝΙΩΝΑ 570 04",2392032323,ΜΙΝΙ ΜΑΡΚΕΤ,,,el|en
d066,M ΚΟΚΚΙΝΟΣ,"ΑΜΠΕΛΟΚΗΠΩΝ 52, ΠΕΡΑΙΑ 570 19",2392020300,ΜΙΝΙ ΜΑΡΚΕΤ,,,el|en
d067,MAZISU IKE,ΣΤΕΛΙΟΥ ΚΑΖΑΝΤΖΙΔΗ  ΜΕ ΜΑΝΟΥ ΛΟΙΖΟΥ ΓΩΝΙΑ 0 ΓΕΩΡΓ. ΣΧΟΛΗ,2310383941,ΑΝΑΨΥΚΤΗΡΙΟ,,,el|en
d068,MAZISU KALAMARIA,"ΖΑΡΙΦΗ 2, ΚΑΛΑΜΑΡΙΑ 551 34",2310024459,ΠΑΝΤΟΠΩΛΕΙΟ,,,el|en
d069,ΚΟΥΤΣΟΣ ΔΗΜΗΤΡΙΟΣ,"ΠΑΠΑΦΗ 92, ΘΕΣΣΑΛΟΝΙΚΗ 544 53",2310939530,ΠΑΝΤΟΠΩΛΕΙΟ,,,el|en
d070,ΧΗΝΗΣ,"ΜΕΛΕΝΙΚΟΥ 43, ΘΕΣΣΑΛΟΝΙΚΗ 542 48",2310248473,ΨΙΛΙΚΑ,,,el|en
d071,ΜΠΕΚΙΑΡΙΔΟΥ,"ΠΟΛΥΤΕΧΝΕΙΟΥ 41, ΝΕΑ ΜΗΧΑΝΙΩΝΑ 570 04",2392032033,ΑΝΑΨΥΚΤΗΡΙΟ,,,el|en
d072,ΑΡΓΥΡΟΠΟΥΛΟΣ,"ΠΑΠΑΦΗ 137, ΘΕΣΣΑΛΟΝΙΚΗ 544 53",,ΨΙΛΙΚΑ,,,el|en
d073,ΝΙΚΟΛΑΙΔΗΣ,"ΒΑΣ. ΚΩΝΣΤΑΝΤΙΝΟΥ 4, ΔΕΛΤΑ 570 08",2310784159,ΠΑΝΤΟΠΩΛΕΙΟ,,,el|en
d074,PANDA,"ΣΟΛΩΜΟΥ 10, ΚΑΤΕΡΙΝΗ 601 00",6982900465,ΜΙΝΙ ΜΑΡΚΕΤ,,,el|en
d075,ΜΠΟΖΑ,ΠΛΑΤΕΙΑ ΔΡΥΜΟΣ 0 ΛΑΓΚΑΔΑΣ,2394032204,ΨΙΛΙΚΑ,,,el|en
d076,ΟΙΚΟΓΕΝΕΙΑ VLAZZERIA,ΝΕΑ ΠΟΤΙΔΑΙΑ 0 ΝΕΑ ΜΟΥΔΑΝΙΑ,6987143022,ΣΟΥΠΕΡ ΜΑΡΚΕΤ,,,el|en
d077,ΡΑΧΜΑΝΙΔΟΥ,"ΑΓΙΟΥ ΓΕΩΡΓΙΟΥ 5, ΝΕΑ ΜΟΥΔΑΝΙΑ 632 00",2373021791,ΛΙΑΝΙΚΟ ΕΜΠΟΡΙΟ,,,el|en
d078,BERBERI,"ΔΙΟΝΥΣΙΟΥ ΣΟΛΩΜΟΥ 2, ΘΕΣΣΑΛΟΝΙΚΗ 546 24",2310324077,ΛΙΑΝΙΚΟ ΕΜΠΟΡΙΟ,,,el|en
d079,MERKAJ LAURETA,"ΠΑΝΑΓΙΑΣ ΚΟΡΥΦΙΝΗΣ ΚΑΙ ΠΡΟΥΣΣΗΣ, ΝΕΑ ΜΟΥΔΑΝΙΑ 632 00",2370065719,ΜΙΝΙ ΜΑΡΚΕΤ,,,el|en
d080,ΒΕΡΓΟΣ,"ΧΑΛΚΙΔΙΚΗ, ΝΙΚΗΤΗ 630 88",2375772270,ΠΕΡΙΠΤΕΡΟ,,,el|en
d081,ΓΡΙΒΑΣ,"9Ο ΧΛΜ. Π.Ε.Ο. ΘΕΣΣΑΛΟΝΙΚΗΣ - ΚΙΛΚΙΣ, 54500 ΝΕΟΧΩΡΟΥΔΑ ΘΕΣΣΑΛΟΝΙΚΗΣ",6986319255,ΑΝΑΨΥΚΤΗΡΙΟ,,,el|en
d082,ΜΑΝΟΥΣΟΣ,ΠΕΥΚΟΧΩΡΙ ΠΑΛΛΗΝΗ 630 85,2374061757,ΠΑΝΤΟΠΩΛΕΙΟ,,,el|en
d083,ΠΙΕΤΡΙ,"ΜΕΓ. ΑΛΕΞΑΝΔΡΟΥ 4, ΝΕΑ ΜΟΥΔΑΝΙΑ 632 00",2374024045,ΠΑΝΤΟΠΩΛΕΙΟ,,,el|en
d084,WE STORE DELICATE,"ΑΝΤΩΝΗ ΤΡΙΤΣΗ 100, ΕΥΟΣΜΟΣ 562 24",2310603630,ΨΙΛΙΚΑ,,,el|en
d085,ΚΑΡΑΜΠΕΖΕΡΙΑΝΟΓΛΟΥ,"ΜΑΚΕΔΟΝΙΑΣ 7, ΚΑΛΑΜΑΡΙΑ 551 32",2310458471,ΨΙΛΙΚΑ,,,el|en
d086,ΚΑΡΑΚΛΙΔΗΣ,"ΠΡΟΕΚΤΑΣΗ ΣΤΡΑΤΗΓΟΥ ΜΑΚΡΥΓΙΑΝΝΗ 7, ΕΥΟΣΜΟΣ 562 24",6949320449,ΕΜΠΟΡΙΑ ΠΟΤΩΝ,,,el|en
d087,SMART ΑΞΕΣΟΥΑΡ ΑΙΓΑΛΕΩ & ΣΙΑ Ε.Ε,"ΣΜΥΡΝΗΣ 42, 12242",2105310301,ΕΙΔΗ ΚΙΝΗΤΗΣ-ΑΞΕΣΟΥΑΡ-ΔΩΡΑ,,,el|en
d088,ΣΤΥΛΙΑΝΗ Γ.ΚΟΤΡΩΖΟΥ,"ΕΛΕΥΘΕΡΙΑΣ  94, 18863",2104020724,ΠΕΡΙΠΤΕΡΟ,,,el|en
d089,ΚΥΡΙΑΚΟΥ ΚΩΝΣΤΑΝΤΙΝΑ,"ΑΓ.ΜΕΛΕΤΙΟΥ 193Δ, 10443",2111837299,ΠΡΟΙΟΝΤΑ ΚΑΠΝΟΥ,,,el|en
d090,Δ.ΑΣΗΜΑΚΟΠΟΥΛΟΣ - Σ.ΧΑΤΖΗΘΕΟΔΩΡΟΥ & ΣΙΑ ΟΕ,"ΗΦΑΙΣΤΟΥ 11, 10555",2103243468,ΕΜΠΟΡΙΑ ΔΩΡΩΝ,,,el|en
d091,ΔΙΟΝΥΣΑΤΟΥ ΕΡΜΙΟΝΗ ΜΟΝ.ΙΚΕ,"ΑΓΙΟΥ ΑΝΔΡΕΟΥ 100, 26222",2610343424,ΕΙΔΗ ΚΑΠΝΙΣΤΟΥ,,,el|en
d092,TWENTY 4 SHOPEN Α.Ε.,"Ηρώδου Αττικού 14, 15124",2107707415,ΜΙΝΙ ΜΑΡΚΕΤ,,,el|en
d093,ΜΑΝΤΑΣ ΗΛΙΑΣ ΕΛΕΥΘΕΡΙΟΣ JUST THE SMOKY,"25ης ΜΑΡΤΙΟΥ 131 , 13232",2105050558,ΕΜΠΟΡΙΑ ΚΑΠΝΟΥ,,,el|en
d094,ALL DAY STORES ΛΥΚΟΒΡΥΣΗΣ Ε Ε,"ΑΓΙΑΣ ΒΑΡΒΑΡΑΣ 1, 14123",2102824528,ΜΙΝΙ ΜΑΡΚΕΤ,,,el|en
d095,"""YOLO"" ID ΑΞΕΣΟΥΑΡ & ΣΙΑ Ε.Ε","ΡΟΔΟΥ 155-157, 10443",2105135020,ΕΙΔΗ ΚΙΝΗΤΗΣ-ΑΞΕΣΟΥΑΡ-ΔΩΡΑ,,,el|en
d096,P S COFFEE  IKE||PS COFFEE,"ΛΕΩΦ. ΚΑΡΑΜΑΝΛΗ 122, 13672",2102409480,ΛΙΑΝΙΚΟ ΕΜΠΟΡΙΟ,,,el|en
d097,EC STEVIA AE,"ΚΟΡΥΤΣΑΣ 2-4, 17778",2103300330,ΠΑΡΑΓΩΓΗ-ΕΠΕΞΕΡΓΑΣΙΑ-ΔΙΑΘΕΣΗ ΓΛΥΚΑΝΤΙΚΩΝ ΟΥΣΙΩΝ,,,el|en
d098,SMART ΑΞΕΣΟΥΑΡ ΠΕΙΡΑΙΑΣ Κ ΣΙΑ Ε.Ε,"ΤΣΑΜΑΔΟΥ 28Β ΚΑΙ ΦΙΛΩΝΟΣ 37, 18531",2104176784,ΕΙΔΗ ΚΙΝΗΤΗΣ-ΑΞΕΣΟΥΑΡ-ΔΩΡΑ,,,el|en
d099,BE SMART ΚΑΙ ΣΙΑ Ε.Ε,"ΛΕΩΦΟΡΟΣ ΗΡΑΚΛΕΙΟΥ 248   , 14231",2109572847,ΕΜΠΟΡΙΟ ΕΙΔΩΝ ΚΙΝΗΤΗΣ ΤΗΛΕΦΩΝΙΑΣ,,,el|en
d100,COVA MΟΝ. ΙΚΕ,"28ης ΟΚΤΩΒΡΙΟΥ 124, 19100",2296152002,ΜΙΝΙ ΜΑΡΚΕΤ,,,el|en
d101,ΤΡΙΑΘΛΟΝ & ΣΙΑ Ε.Ε,"ΗΦΑΙΣΤΟΥ 16  , 10555",2103210066,ΕΙΔΗ ΔΩΡΩΝ,,,el|en
d102,"""BE SMART""SMART ΑΞΕΣΟΥΑΡ ΚΙΝΗΤΗΣ ΤΗΛΕΦΩΝΙΑΣ &ΣΙΑ Ε.Ε","ΝΕΣΤΟΡΟΣ 120   , 13122",2102636920,ΕΙΔΗ ΚΙΝΗΤΗΣ-ΑΞΕΣΟΥΑΡ-ΔΩΡΑ,,,el|en
d103,SMART ΑΞΕΣΟΥΑΡ ΕΛΛΗΝΙΚΟ ΚΑΙ ΣΙΑ Ε Ε,"ΙΑΣΩΝΙΔΟΥ 35Α    , 16777",2109649095,ΕΙΔΗ ΚΙΝΗΤΗΣ-ΑΞΕΣΟΥΑΡ-ΔΩΡΑ,,,el|en
d104,ΥΙΟΙ ΣΤΕΡΓΙΟΥ ΤΕΓΟΥΣΗ Ο.Ε,"ΕΜΜ ΠΑΠΠΑ 30   , 59100",2331029106,ΚΑΡΤΕΣ ΚΙΝΗΤΗΣ- ΖΑΧΑΡΩΔΗ,,,el|en
d105,"ΔΑΦΝΗ ΑΞΕΣΟΥΑΡ ΚΑΙ ΣΙΑ Ε.Ε ""YOLO""","ΚΩΝΣΤΑΝΤΙΝΟΥ ΠΑΛΑΙΟΛΟΓΟΥ 14 , 17121",2109317781,ΕΙΔΗ ΚΙΝΗΤΗΣ-ΑΞΕΣΟΥΑΡ-ΔΩΡΑ,,,el|en
d106,MINIMALL STORES ΜΟΝΟΠΡΟΣΩΠΗ Ι.Κ.Ε,"ΑΝΘΕΩΝ 34, 57019",2392026442,ΕΜΠΟΡΙΟ ΚΑΛΛΥΝΤΙΚΩΝ- ΕΙΔΗ ΔΩΡΟΥ,,,el|en
d107,ΦΡΑΤΖΕΣΚΑΚΗΣ ΓΙΑΝΝΗΣ,"ΠΑΝΔΡΟΣΟΥ 91 , 10555",2103228965,ΔΕΡΜΑΤΙΝΑ ΕΙΔΗ,,,el|en
d108,ΖΕΛΜΑ ΕΠΕ,"ΑΓΙΟΥ ΔΗΜΗΤΡΙΟΥ 0, 21300",6981137802,ΚΑΒΑ ΠΟΤΩΝ,,,el|en
d109,"ΔΙΑΚΟΥΜΟΠΟΥΛΟΣ Γ.ΝΙΚΟΛΑΟΣ ""SATIVA HOUSE""","ΕΥΤΥΧΙΔΟΥ 16  , 11635",2160709965,ΕΜΠΟΡΙΟ ΠΑΡΑΦΑΡΜΑΚΕΥΤΙΚΩΝ ΠΡΟΙΟΝΤΩΝ ΚΑΙ ΠΡΟΙΟΝΤΩΝ ΒΙΟΜΗΧΑΝΙΚΗΣ ΚΑΝΝΑΒΗΣ,,,el|en
d110,ΜΟΛΥΒΙΑΤΗΣ Ε.- ΓΚΟΥΛΕΛΗΣ Ε. ΟΕ,"ΑΛΥΦΑΝΤΑ-ΠΑΓΑΝΗ 0, 81100",2251022207,ΓΕΝΙΚΟ ΕΜΠΟΡΙΟ,,,el|en
d111,ΜΠΟΥΤΗΣ ΘΩΜΑΣ ΜΠΟΥΤΗΣ ΝΙΚΟΛΑΟΣ ΟΕ,"ΧΡΥΣΟΣΤΟΜΟΥ ΣΜΥΡΝΗΣ 47 , 18344",2109403977,ΠΕΡΙΠΤΕΡΟ,,,el|en
d112,ΜΑΡΑΓΚΟΥΔΑΚΗΣ ΑΝΤΩΝΙΟΣ ΜΙΧΑΗΛ,"ΔΑΣΚΑΛΟΓΙΑΝΝΗ 45   , 73100",6984555513,ΛΙΑΝΙΚΟ ΕΜΠΟΡΙΟ ΤΡΟΦΙΜΩΝ-ΠΟΤΩΝ & ΚΑΠΝΟΥ,,,el|en
d113,ΜΠΑΡΑΤΣΑΣ Α.Ε.,"8ΗΣ ΜΕΡΑΡΧΙΑΣ 2  , 45445",6977400011,ΕΜΠΟΡΙΟ ΚΑΥΣΙΜΩΝ & ΠΑΡΟΧΕΣ ΕΣΤΙΑΣΗΣ,,,el|en
d114,WILD THINK SHOP Ο.Ε.,"ΙΔΟΜΕΝΕΩΣ 38  , 71202",2810241463,ΕΜΠΟΡΙΟ ΕΝΔΥΜΑΤΩΝ & ΑΞΕΣΟΥΑΡ,,,el|en
d115,LA TRADE COMPANY Ι.Κ.Ε,"ΒΙ.ΠΕ.ΙΩΑΝΝΙΝΩΝ 0, 45000",2651057910,ΟΝΔΡΙΚΟ ΕΜΠΟΡΙΟ ΠΑΙΧΝΙΔΙΩΝ ΚΑΘΕ ΕΙΔΟΥΣ,,,el|en
d116,ΣΚΑΠΕΡΔΑΣ ΙΚΕ,"ΠΕΥΚΩΝ 22, 14122",2102820140,ΛΙΑΝΙΚΟ ΕΜΠΟΡΙΟ ΕΙΔΩΝ ΔΙΑΤΡΟΦΗΣ,,,el|en
d117,E FOG ΕΕ,"ΠΕΝΤΕΛΗΣ 59 , 15126",2106142494,ΑΤΜΙΣΤΙΚΑ ΠΡΟΙΟΝΤΑ,,,el|en
d118,ΧΡΥΣΟΣΤΟΜΟΥ ΓΕΩΡΓΙΟΣ ΙΩΑΝΝΗΣ,"ΠΛ ΠΛΑΣΤΗΡΑ 1  , 14671",2108000436,ΜΙΝΙ ΜΑΡΚΕΤ,,,el|en
d119,ΧΑΡΑΛΑΜΠΟΥΣ ΧΡΥΣΑΝΘΗ,"ΗΠΕΙΡΟΥ 111  , 18863",2104416409,ΨΙΛΙΚΑ,,,el|en
d120,ΑΤΣΑΛΗΣ ΚΩΝ. ΜΙΧΑΗΛ,"ΜΕΓ. ΑΛΕΞΑΝΔΡΟΥ 106, 10435",2105249852,ΒΙΟΛΟΓΙΚΑ ΠΡΟΙΟΝΤΑ,,,el|en
d121,KALAM MD ABUL ABDUL,"ΑΧΑΡΝΩΝ 101, 10440",6947099534,ΠΑΝΤΟΠΩΛΕΙΟ,,,el|en
d122,SHAHBAZ MOHAMMAD MOHAMMAD,"ΑΧΑΡΝΩΝ 284, 11253",6949869143,ΠΑΝΤΟΠΩΛΕΙΟ,,,el|en
d123,ABDULLAH SHAH ATAUR RAHMAN,"ΠΕΙΡΑΙΩΣ 68, 10436",2114145799,ΜΙΝΙ ΜΑΡΚΕΤ,,,el|en
d124,ΠΑΝΑΓΟΥΛΙΑ ΒΕΝΕΤΙΑ ΘΕΩΝΗ ΣΤΑΥΡΟΣ,"ΝΕΡΑΤΖΙΩΤΙΣΣΗΣ 1   , 15124",2106127236,ΠΕΡΙΠΤΕΡΟ,,,el|en
d125,ΖΩΗΣ ΝΙΚΟΛΑΟΣ ΕΡΝΕΣΤΟ ΧΑΡΑΛΑΜΠΟΣ,"Λ. ΓΕΡΑΚΑ 91, 15344",2103510170,ΕΜΠΟΡΙΟ,,,el|en
d126,Κ.ΚΑΡΑΓΙΑΝΝΗΣ Ε.Ε.,"ΙΩΑΝΝΟΥ ΦΩΚΑ 41 , 11142",2102928868,ΜΙΝΙ ΜΑΡΚΕΤ,,,el|en
d127,JAFARI J. HOUSEIN,"ΦΩΚΙΩΝΟΣ ΝΕΓΡΗ 64, 11361",2107560466,ΑΝΑΨΥΚΤΗΡΙΟ,,,el|en
d128,SALA M. & ΣΙΑ Ε.Ε,"ΑΓΙΟΥ ΜΕΛΕΤΙΟΥ 1, 11361",2108253798,ΕΙΔΗ ΠΕΡΙΠΤΕΡΟΥ-ΨΙΛΙΚΑ,,,el|en
d129,ΝΙΚΟΛΟΠΟΥΛΟΣ ΓΕΩΡΓΙΟΣ ΙΩΑΝΝΗΣ,"ΤΡΙΠΟΛΕΩΣ 58 , 16777",2109639111,ΜΙΝΙ ΜΑΡΚΕΤ,,,el|en
d130,ΚΟΤΣΙΦΗ ΙΩΑΝ.ΠΟΛΥΞΕΝΗ,"ΜΠΟΤΣΑΡΗ ΜΑΡΚΟΥ 26 , 12241",2105901943,ΕΜΠΟΡΙΟ ΗΛ/ΕΙΔΩΝ-ΕΙΔΗ ΔΩΡΩΝ,,,el|en
d131,ΣΚΟΥΦΗ Κ. ΣΟΦΙΑ,"ΟΛΥΜΠΙΑΣ 47, 15343",2110159583,ΜΙΝΙ ΜΑΡΚΕΤ,,,el|en
d132,ΚΩΝΣΤΑΝΤΙΝΟΣ ΣΟΦΙΑ ΜΑΝΟΥ Ι.Κ.Ε,"ΑΔΡΙΑΝΕΙΟΥ ΚΑΙ ΟΙΚΟΝΟΜΟΥ 12 , 11525",6939139240,ΠΕΡΙΠΤΕΡΟ,,,el|en
d133,ΣΤΑΜΑΤΗΣ ΠΑΝΑΓΙΩΤΗΣ ΠΑΡΑΣΚΕΥΑΣ,"ΠΑΝΑΓΟΥΛΗ   ΚΑΙ   ΠΑΠΑΓΟΥ 0, 16344",2109739625,ΠΕΡΙΠΤΕΡΟ,,,el|en
d134,ΝΕΟΦΩΤΗΣ-ΧΡ.ΦΩΣΤΗΡΑΣ,"ΕΒΡΟΥ 25  , 18756",2104611014,ΕΙΔΗ ΔΩΡΩΝ,,,el|en
d135,ΝΙΚΟΛΑΙΔΗ ΧΡΙΣΤΙΝΑ,"28ΗΣ ΟΚΤΩΒΡΙΟΥ 133 , 11251",2108612598,ΓΥΝΑΙΚΕΙΑ ΑΞΕΣΟΥΑΡ & ΕΙΔΗ ΔΩΡΩΝ,,,el|en
d136,SOUTH OF CRETE RETHYMNO CANNAVIS,"ΛΕΥΚΟΓΕΙΑ 0, 74060",6984276117,ΚΑΛΛΙΕΡΓΕΙΑ & ΕΜΠΟΡΙΟ ΚΑΝΝΑΒΗΣ,,,el|en
d137,ΔΗΜΗΤΡΙΑΔΗΣ ΔΗΜΗΤΡΗΣ,"ΕΘΝ ΑΝΤΙΣΤΑΣΕΩΣ 79 , 74100",6946031734,ΕΙΔΗ ΚΑΠΝΙΣΤΟΥ,,,el|en
d138,ΠΑΠΑΖΟΓΛΟΥ ΟΔ.ΓΕΩΡΓΙΟΣ,"ΒΥΖΑΝΤΙΟΥ 30 , 14234",2102759863,ΜΙΝΙ ΜΑΡΚΕΤ - ΨΙΛΙΚΑ,,,el|en
d139,ΚΑΡΙΚΑΣ ΙΩΑΝΝΗΣ ΝΙΚΟΛΑΟΣ,"17ΗΣ ΝΟΕΜΒΡΙΟΥ 19, 15127",2108102354,ΜΙΝΙ ΜΑΡΚΕΤ,,,el|en
d140,Κ  ΔΕΛΗΓΙΑΝΝΗΣ ΚΑΙ Σ  ΔΕΛΗΓΙΑΝΝΗΣ Ο Ε,"ΒΑΣΙΛΕΩΣ ΟΘΩΝΟΣ 29, 14561",2108082464,ΛΙΑΝΙΚΟ ΕΜΠΟΡΙΟ ΕΙΔΩΝ ΠΑΝΤΟΠΩΛΕΙΟΥ,,,el|en
d141,ΙΑΤΡΟΥ ΕΥΑΓΓΕΛΟΣ ΙΩΑΝΝΗΣ,"Λ ΔΗΜΟΚΡΑΤΙΑΣ 17, 18863",6976434507,ΠΕΡΙΠΤΕΡΟ,,,el|en
d142,AJEM MOHAMED SOBHI MOHAMED,"3ΗΣ ΣΕΠΤΕΜΒΡΙΟΥ 169, 11251",6939312739,ΠΑΝΤΟΠΩΛΕΙΟ,,,el|en
d143,ΒΛΑΧΟΓΙΑΝΝΗ ΜΗΤΣΗΣ ΚΑΙ ΣΙΑ Ε Ε,"ΚΑΡΑΙΣΚΑΚΗ 10 , 45444",6936336336,ΜΙΝΙ ΜΑΡΚΕΤ,,,el|en
d144,ΓΕΩΡΓΙΟΣ Β ΠΕΤΡΑΣ,"Γ ΖΕΡΒΟΥ 26 , 66100",2521025007,ΕΙΔΗ ΚΑΠΝΙΣΤΟΥ,,,el|en
d145,ΔΗΜΟΣΘΕΝΗΣ ΔΕΡΜΕΝΤΖΟΓΛΟΥ,"ΑΡΜΕΝ 24 , 66100",2521028170,ΕΜΠΟΡΙΟ,,,el|en
d146,PANORA ΜΟΝΟΠΡΟΣΩΠΗ ΙΚΕ,"ΑΒΕΡΩΦ 7, 64200",2591022401,ΔΙΑΔΙΚΤΥΑΚΕΣ ΠΩΛΗΣΕΙΣ-ΠΑΡΟΧΗ ΥΠΕΡΕΣΙΩΝ ΕΠΙΚΟΙΝΩΝΙΑΣ,,,el|en
d147,ΑΝΤΩΝΙΑΔΟΥ ΑΘΗΝΑ ΧΑΡΑΛΑΜΠΟΣ,"ΕΝΑΝΤΙ ΙΧΘΥΟΓΕΝΝΗΤΙΚΟΥ ΣΤΑΘΜΟΥ ΑΡΚΑΔΙΚΟΥ  ΔΡΑΜΑΣ 0 , 66100",6932657169,ΕΙΔΗ ΚΑΠΝΙΣΤΟΥ,,,el|en
d148,ΡΟΥΤΣΗΣ ΑΝΔΡΕΑΣ &ΣΙΑ Ο.Ε,"ΗΦΑΙΣΤΟΥ 11 , 10555",2103214957,ΤΟΥΡΙΣΤΙΚΑ ΕΙΔΗ,,,el|en
d149,KAPNOMANIA ΜΟΝ Ι.Κ.Ε,"ΠΕΤΡΟΥ ΡΑΛΛΗ 525 , 18450",2104250329,ΕΜΠΟΡΙΟ ΠΡΟΙΟΝΤΩΝ ΚΑΠΝΟΥ,,,el|en
d150,ΚΥΡΜΑΝΙΔΗΣ ΒΑΣ. ΓΕΩΡΓΙΟΣ,"15 ΠΕΟ ΘΕΣΣΑΛΟΝΙΚΗΣ ΒΕΡΟΙΑΣ ΑΓΡΟΤΕΜΑΧΙΟ 1333, 57003",2310702216,ΕΜΠΟΡΙΟ ΠΟΤΩΝ,,,el|en
d151,ΜΕΤΑΛΛΗΝΟΥ ΝΕΛΗ  ΕΛΕΝΗ,"ΝΙΚΗΦΟΡΟΥ ΘΕΟΤΟΚΗ 7 , 49100",2661025559,ΨΙΛΙΚΑ,,,el|en
d152,ΣΤΑΥΡΟΠΟΥΛΟΣ ΑΝΔΡΕΑΣ,"ΑΓΙΩΝ ΑΝΑΡΓΥΡΩΝ 28 , 18542",2102014554,ΟΠΩΡΟΠΑΝΤΟΠΩΛΕΙΟ-ΜΕΖΕΔΟΠΩΛΕΙΟ-ΨΙΛΙΚΑ-ΑΡΤΟΣ,,,el|en
d153,ΨΥΧΙΑΣ ΣΠΥΡΙΔΩΝ,"ΣΤΥΓΝΗΣ 15, 11363",6976053110,ΠΕΡΙΠΤΕΡΟ,,,el|en
d154,ΒΑΣΙΛΑΚΑΚΗΣ ΕΥΑΓΓΕΛΟΣ & ΣΙΑ Ο.Ε,"ΧΡΥΣ ΣΜΥΡΝΗΣ 45, 11144",2118000816,ΕΜΠΟΡΙΟ,,,el|en
d155,ΖΙΩΓΚΑΣ ΧΑΡ. ΑΛΚΗΣ,"ΑΤΤΙΚΗΣ 59  , 19400",6988989119,ΧΑΡΤΙΚΑ ΑΠΟΡΥΠΑΝΤΙΚΑ,,,el|en
d156,ΤΣΑΛΑΛΙΔΗΣ ΑΛΕΞΙΟΣ ΔΗΜΗΤΡΙΟΣ,"ΤΡΑΠΕΖΟΥΝΤΟΣ 8 , 18452",2114155865,ΨΙΛΙΚΑ,,,el|en
d157,ΠΟΛΥΧΡΟΥΣ ΧΡΗΣΤΟΣ ( SMOKER'S CHOICE),"ΑΓΙΟΥ ΔΗΜΗΤΡΙΟΥ 1  , 17343",2130996577,ΕΜΠΟΡΙΟ ΕΙΔΩΝ ΚΑΠΝΟΥ,,,el|en
d158,ΚΛΩΝΗΣ ΝΙΚΟΛΑΟΣ ΔΗΜΗΤΡΙΟΣ,"ΕΓΝΑΤΙΑ 134 , 54622",2310242726,ΛΙΑΝΙΚΟ ΕΜΠΟΡΙΟ ΒΙΟΛΟΓΙΚΩΝ ΠΡΟΙΟΝΤΩΝ,,,el|en
d159,ΟΙΚΟΝΟΜΟΥ ΦΩΤΙΟΣ ΓΕΩΡΓΙΟΣ,"ΓΕΡΑΚΑ 51, 15344",2106046311,ΜΙΝΙ ΜΑΡΚΕΤ,,,el|en
d160,ΑΔΕΛΦΟΙ ΡΟΥΜΠΟ ΚΑΙ ΣΙΑ ΕΕ,"ΜΕΤΑΜΟΡΦΩΣΕΩΣ 51 , 15234",2130242410,ΜΙΝΙ ΜΑΡΚΕΤ,,,el|en
d161,ΜΑΛΙΝΑΚΗΣ ΕΠΑΜΕΙΝΩΝΔΑΣ ΓΕΩΡΓΙΟΣ,"ΜΥΛΩΝΟΓΙΑΝΝΗ ΜΥΛΩΝΟΓΙΑΝΝΗ 64, 73135",2821002263,ΧΟΝΔΡΙΚΗ -ΛΙΑΝΙΚΗ ΠΩΛΗΣΗ ΒΙΟΛΟΓΙΚΩΝ ΠΡΟΪΟΝΤΩΝ,,,el|en
d162,ΚΟΣΜΟΠΟΥΛΟΣ ΓΕΩΡΓΙΟΣ & ΣΙΑ Ο.Ε,"7 ΧΛΜ ΘΕΣΣΑΛΟΝΙΚΗΣ ΩΡΑΙΟΚΑΣΤΡΟΥ 0  , 57013",2310688577,ΕΜΠΟΡΙΟ,,,el|en
d163,ΕΣΤΙΑΤΟΡΙΑ ΖΑΧΑΡΟΠΛΑΣΤΕΙΑ ΕΜΠΟΡΙΚΕΣ ΕΠΙΧΕΙΡΗΣΕΙΣ ΜΕΓΑΡΩΝ ΑΝΩΝΥΜΗ ΕΤΑΙΡΕΙΑ,"40 5ΧΛΜ ΕΘΝ  ΟΔΟΥ ΚΟΡΙΝΘΟΥ   ΑΘΗΝΩΝ 0 , 19100",2296022805,ΑΝΩΝΥΜΗ ΒΙΟΤΕΧΝΙΚΗ Κ  ΕΜΠΟΡΙΚΗ ΕΤΑΙΡΕΙΑ,,,el|en
d164,ΚΩΝΣΤΑΝΤΙΝΑ ΤΣΟΥΚΝΙΔΑ,"Λ  ΕΙΡΗΝΗΣ 85  , 48100",2682028151,ΕΙΔΗ ΚΑΠΝΙΣΤΟΥ,,,el|en
d165,JUMBO Α.Ε.Ε,"ΚΥΠΡΟΥ 9 ΚΑΙ ΥΔΡΑΣ 0 , 18346",2104805236,ΕΜΠΟΡΙΟ,,,el|en
d166,ΔΑΦΝΗ ΑΞΕΣΟΥΑΡ ΣΙΑ Ε.Ε.,"ΚΩΝΣΤΑΝΤΙΝΟΥ ΠΑΛΑΙΟΛΟΓΟΥ 14   , 17121",2109317781,ΕΙΔΗ ΚΙΝΗΤΗΣ-ΑΞΕΣΟΥΑΡ-ΔΩΡΑ,,,el|en
d167,ΡΟΥΤΣΗΣ Φ.ΑΝΔΡΕΑΣ,"ΗΦΑΙΣΤΟΥ ΚΑΙ ΝΙΣΣΟΥ 2 , 10555",2130340466,ΤΟΥΡΙΣΤΙΚΑ ΠΑΡΑΔΟΣΙΑΚΑ ΠΡΟΙΟΝΤΑ,,,el|en
d168,VNM Μ.ΙΚΕ,"ΣΤΑΔΙΟΥ 48, 10564",6944533521,ΛΙΑΝΙΚΟ ΕΜΠΟΡΙΟ ΚΑΛΛΥΝΤΙΚΩΝ ΚΑΙ ΕΙΔΩΝ ΚΑΛΛΩΠΙΣΜΟΥ,,,el|en
d169,ΔΗΜ . ΚΩΝ ΡΕΝΤΖΗ,"ΙΠΠΟΚΡΑΤΟΥΣ 13 , 10678",2103637122,ΕΙΔΗ ΚΑΠΝΙΣΤΟΥ,,,el|en
d170,ΜΠΟΦΙΛΙΟΥ Γ ΚΑΙ ΣΙΑ Ε Ε,"ΧΩΡΑ ΣΕΡΙΦΟΥ 0 , 84005",2281051208,ΕΜΠΟΡΙΟ,,,el|en
d171,ΕΞΑΔΑΚΤΥΛΟΣ ΓΕΩΡΓΙΟΣ,"ΧΩΡΑ ΑΝΔΡΟΣ 0 , 84500",2282022036,ΨΙΛΙΚΑ,,,el|en
d172,ΜΠΟΥΛΜΠΟΥΛΗΣ ΠΑΝΑΓΙΩΤΗΣ,"ΚΙΟΥΤΑΧΕΙΑΣ 9, 81100",2251043232,ΓΕΝΙΚΟ ΕΜΠΟΡΙΟ,,,el|en
d173,TT COFFEE Ε.Ε,"Λ ΔΗΜΟΚΡΑΤΙΑΣ 289 , 18863",2160024640,ΜΙΝΙ ΜΑΡΚΕΤ -  ΚΑΦΕ,,,el|en
d174,ΒΟΛΤΖΗΣ ΣΑΒΒΑΣ ΓΕΩΡΓΙΟΣ,"ΠΕΡΓΑΜΟΥ 40 , 50200",2463082042,ΠΑΝΤΟΠΩΛΕΙΟ,,,el|en
d175,ΜΠΟΥΣΕΚΑΣ ΚΩΝΣΤΑΝΤΙΝΟΣ,"ΜΑΡΜΑΡΟ ΚΑΡΔΑΜΥΛΩΝ 0 , 82300",2272022576,ΠΑΝΤΟΠΩΛΕΙΟ,,,el|en
